"APPLIC";"NM_PAGINA_WEB";"DS_PAGINA_WEB";"TI_HELP_ON_LINE";"ENTRY_MENU"

"SACER_PREINGEST";"/amministrazione/ambienteVersDetail";"Dettaglio ambiente";"HELP_PAGINA";"Menu principale - Amministrazione versatori - Gestione Ambienti"
"SACER_PREINGEST";"/amministrazione/attribDatiSpecDetail";"Dettaglio attributo del tipo oggetto";"HELP_PAGINA";"Menu principale - Amministrazione versatori - Gestione Versatori"
"SACER_PREINGEST";"/amministrazione/cercaAmbienteVers";"Gestione ambienti";"HELP_PAGINA";"Menu principale - Amministrazione versatori - Gestione Ambienti"
"SACER_PREINGEST";"/amministrazione/cercaMsgInCoda";"Gestione code";"HELP_PAGINA";"Menu principale - Amministrazione sistema - Gestione Coda"
"SACER_PREINGEST";"/amministrazione/cercaSopClass";"Gestione Sop Class";"HELP_PAGINA";"Menu principale - Amministrazione sistema - Gestione SOP Class"
"SACER_PREINGEST";"/amministrazione/cercaVers";"Gestione versatori";"HELP_PAGINA";"Menu principale - Amministrazione versatori - Gestione Versatori"
"SACER_PREINGEST";"/amministrazione/dettaglioSetParametriVersatore";"Dettaglio set parametri versatore";"HELP_PAGINA";"Menu principale - Amministrazione versatori - Gestione Versatori"
"SACER_PREINGEST";"/amministrazione/dettaglioStatoVersamentoOggetto";"Dettaglio stato dell'oggetto versato";"HELP_PAGINA";"Menu principale - Amministrazione sistema - Stati dell'oggetto versato"
"SACER_PREINGEST";"/amministrazione/dettaglioVersatoreGenerazioneOggetti";"Dettaglio versatore generazione oggetti";"HELP_PAGINA";"Menu principale - Amministrazione versatori - Gestione Versatori"
"SACER_PREINGEST";"/amministrazione/duplicaVersDetail";"Duplicazione versatore";"HELP_PAGINA";"Menu principale - Amministrazione versatori - Gestione Versatori"
"SACER_PREINGEST";"/amministrazione/enteConvenzionatoDetail";"Enti convenzionati - Dettaglio associazione struttura - enti convenzionati";"HELP_PAGINA";"Menu principale - Amministrazione versatori - Gestione Versatori"
"SACER_PREINGEST";"/amministrazione/listaStatiVersamentoOggetto";"Stati dell'oggetto versato";"HELP_PAGINA";"Menu principale - Amministrazione sistema - Stati dell'oggetto versato"
"SACER_PREINGEST";"/amministrazione/parametriAmbienteVers";"Gestione ambienti versatori - Dettaglio parametri ambiente versatore";"HELP_PAGINA";"Menu principale - Amministrazione versatori - Gestione Ambienti"
"SACER_PREINGEST";"/amministrazione/parametriTipoObject";"Gestione tipi oggetto - Dettaglio parametri tipo oggetto";"HELP_PAGINA";"Menu principale - Amministrazione versatori - Gestione Versatori"
"SACER_PREINGEST";"/amministrazione/parametriVersatore";"Gestione versatori - Dettaglio parametri versatore";"HELP_PAGINA";"Menu principale - Amministrazione versatori - Gestione Versatori"
"SACER_PREINGEST";"/amministrazione/sopClassDicomDetail";"Dettaglio Sop Class";"HELP_PAGINA";"Menu principale - Amministrazione sistema - Gestione SOP Class"
"SACER_PREINGEST";"/amministrazione/sopClassDicomVersDetail";"Associazione Sop Class - Versatore";"HELP_PAGINA";"Menu principale - Amministrazione versatori - Gestione Versatori"
"SACER_PREINGEST";"/amministrazione/tipoFileObjectDetail";"Dettaglio tipo file oggetto";"HELP_PAGINA";"Menu principale - Amministrazione versatori - Gestione Versatori"
"SACER_PREINGEST";"/amministrazione/tipoObjectDetail";"Dettaglio tipo oggetto";"HELP_PAGINA";"Menu principale - Amministrazione versatori - Gestione Versatori"
"SACER_PREINGEST";"/amministrazione/versDetail";"Dettaglio versatore";"HELP_PAGINA";"Menu principale - Amministrazione versatori - Gestione Versatori"
"SACER_PREINGEST";"/amministrazione/xsdDatiSpecDetail";"Dettaglio versione XSD del tipo oggetto";"HELP_PAGINA";"Menu principale - Amministrazione versatori - Gestione Versatori"
"SACER_PREINGEST";"/amministrazione/xsdDatiSpecMod";"Modifica XSD tipo oggetto/file";"HELP_PAGINA";"Menu principale - Amministrazione versatori - Gestione Versatori"
"SACER_PREINGEST";"/amministrazioneSistema/configurationDetail";"Dettaglio parametro";"HELP_PAGINA";"Menu principale - Amministrazione sistema - Registro parametri"
"SACER_PREINGEST";"/amministrazioneSistema/gestioneJobRicerca";"Gestione Job";"HELP_PAGINA";"Menu principale - Amministrazione sistema - Gestione Job"
"SACER_PREINGEST";"/amministrazioneSistema/registroParametri";"Registro parametri";"HELP_PAGINA";"Menu principale - Amministrazione sistema - Registro parametri"
"SACER_PREINGEST";"/amministrazioneTrasformazioni/DettaglioSetParametri";"Dettaglio set parametri";"HELP_PAGINA";"Menu principale - Amministrazione delle trasformazioni - Gestione trasformazioni"
"SACER_PREINGEST";"/amministrazioneTrasformazioni/DettaglioTrasformazione";"Dettaglio trasformazione";"HELP_PAGINA";"Menu principale - Amministrazione delle trasformazioni - Gestione trasformazioni"
"SACER_PREINGEST";"/amministrazioneTrasformazioni/InserimentoNuovaVersione";"Inserimento nuova versione";"HELP_PAGINA";"Menu principale - Amministrazione delle trasformazioni - Gestione trasformazioni"
"SACER_PREINGEST";"/amministrazioneTrasformazioni/InserimentoSetParametri";"Inserimento set parametri";"HELP_PAGINA";"Menu principale - Amministrazione delle trasformazioni - Gestione trasformazioni"
"SACER_PREINGEST";"/amministrazioneTrasformazioni/InserimentoTrasformazioni";"Inserimento trasformazioni";"HELP_PAGINA";"Menu principale - Amministrazione delle trasformazioni - Gestione trasformazioni"
"SACER_PREINGEST";"/amministrazioneTrasformazioni/RicercaTrasformazioni";"Gestione trasformazioni";"HELP_PAGINA";"Menu principale - Amministrazione delle trasformazioni - Gestione trasformazioni"
"SACER_PREINGEST";"/amministrazioneTrasformazioni/monitoraggioServerTrasformazioni";"Monitoraggio server trasformazioni";"HELP_PAGINA";"Menu principale - Amministrazione delle trasformazioni - Monitoraggio server trasformazioni"
"SACER_PREINGEST";"/confirmDeletePage";"(Home) - Conferma cancellazione";"HELP_PAGINA";"Menu principale"
"SACER_PREINGEST";"/downloadPage";"Home - Download";"HELP_PAGINA";"Menu principale"
"SACER_PREINGEST";"/home";"Home - Home";"HELP_PAGINA";"Menu principale"
"SACER_PREINGEST";"/logEventi/DettaglioEventoOggetto";"Dettaglio evento per oggetto";"HELP_PAGINA";"Menu principale - Logging - Ricerca eventi"
"SACER_PREINGEST";"/logEventi/DettaglioTransazione";"Dettaglio transazione";"HELP_PAGINA";"Menu principale - Logging - Ricerca eventi"
"SACER_PREINGEST";"/logEventi/DettaglioValori";"Dettaglio valori";"HELP_PAGINA";"Menu principale - Logging - Ricerca eventi"
"SACER_PREINGEST";"/logEventi/DettaglioXml";"Dettaglio foto oggetto";"HELP_PAGINA";"Menu principale - Logging - Ricerca eventi"
"SACER_PREINGEST";"/logEventi/GestioneLogEventi";"Lista eventi per oggetto";"HELP_PAGINA";"Menu principale - Logging - Ricerca eventi"
"SACER_PREINGEST";"/logEventi/RicercaEventi";"Ricerca eventi di log";"HELP_PAGINA";"Menu principale - Logging - Ricerca eventi"
"SACER_PREINGEST";"/login/informativa";"Home - Informativa sui cookies";"HELP_PAGINA";"Menu principale"
"SACER_PREINGEST";"/monitoraggio/fascicoloDetail";"Dettaglio fascicolo";"HELP_PAGINA";"Menu principale - Monitoraggio - Riepilogo versamenti"
"SACER_PREINGEST";"/monitoraggio/oggettiDaVersamentiFallitiList";"Oggetti derivanti da versamenti falliti";"HELP_PAGINA";"Menu principale - Monitoraggio - Riepilogo versamenti"
"SACER_PREINGEST";"/monitoraggio/oggettiList";"Oggetti versati";"HELP_PAGINA";"Menu principale - Monitoraggio - Riepilogo versamenti"
"SACER_PREINGEST";"/monitoraggio/oggettoDaVersamentiFallitiDetail";"Dettaglio oggetto derivante da versamenti falliti";"HELP_PAGINA";"Menu principale - Monitoraggio - Riepilogo versamenti"
"SACER_PREINGEST";"/monitoraggio/oggettoDetail";"Dettaglio oggetto";"HELP_PAGINA";"Menu principale - Monitoraggio - Riepilogo versamenti"
"SACER_PREINGEST";"/monitoraggio/oggettoGeneratoDaTrasformazioneDetail";"Dettaglio oggetto generato da trasformazione";"HELP_PAGINA";"Menu principale - Monitoraggio - Riepilogo versamenti"
"SACER_PREINGEST";"/monitoraggio/replicaOrgList";"Repliche organizzazioni";"HELP_PAGINA";"Menu principale - Monitoraggio - Repliche organizzazioni"
"SACER_PREINGEST";"/monitoraggio/riepilogoVersamentiDetail";"Riepilogo versamenti";"HELP_PAGINA";"Menu principale - Monitoraggio - Riepilogo versamenti"
"SACER_PREINGEST";"/monitoraggio/riepilogoVersatoriList";"Riepilogo per versatore";"HELP_PAGINA";"Menu principale - Monitoraggio - Riepilogo per versatore"
"SACER_PREINGEST";"/monitoraggio/schedulazioniJobList";"Schedulazioni job";"HELP_PAGINA";"Menu principale - Monitoraggio - Schedulazioni Job"
"SACER_PREINGEST";"/monitoraggio/sessioneErrataDetail";"Dettaglio sessione errata";"HELP_PAGINA";"Menu principale - Logging - Sessioni errate"
"SACER_PREINGEST";"/monitoraggio/sessioniErrateList";"Sessioni errate";"HELP_PAGINA";"Menu principale - Logging - Sessioni errate"
"SACER_PREINGEST";"/monitoraggio/unitaDocDetail";"Dettaglio unità documentaria";"HELP_PAGINA";"Menu principale - Monitoraggio - Riepilogo versamenti"
"SACER_PREINGEST";"/monitoraggio/unitaDocVersamentoDetail";"Dettaglio unità documentaria versamento";"HELP_PAGINA";"Menu principale - Monitoraggio - Riepilogo versamenti"
"SACER_PREINGEST";"/monitoraggio/versamentiList";"Versamenti falliti";"HELP_PAGINA";"Menu principale - Monitoraggio - Riepilogo versamenti"
"SACER_PREINGEST";"/monitoraggio/versamentoDetail";"Dettaglio versamento fallito";"HELP_PAGINA";"Menu principale - Monitoraggio - Riepilogo versamenti"
"SACER_PREINGEST";"/sisma/dettaglioSisma";"Dettaglio sisma";"HELP_PAGINA";"Menu principale - Progetti ricostruzione"
"SACER_PREINGEST";"/sisma/sisma";"Sisma";"HELP_PAGINA";"Menu principale - Progetti ricostruzione"
"SACER_PREINGEST";"/sisma/sismaWizard";"Sisma wizard";"HELP_PAGINA";"Menu principale - Progetti ricostruzione"
"SACER_PREINGEST";"/strumentiUrbanistici/dettaglioStrumentiUrbanistici";"Dettaglio strumenti urbanistici";"HELP_PAGINA";"Menu principale - Strumenti urbanistici"
"SACER_PREINGEST";"/strumentiUrbanistici/strumentiUrbanistici";"Strumenti urbanistici";"HELP_PAGINA";"Menu principale - Strumenti urbanistici"
"SACER_PREINGEST";"/strumentiUrbanistici/strumentiUrbanisticiWizard";"Strumenti urbanistici wizard";"HELP_PAGINA";"Menu principale - Strumenti urbanistici"
"SACER_PREINGEST";"/versamentoOggetto/VersamentoDaArchivio";"Versamento da archivio";"HELP_PAGINA";"Menu principale - Versamenti - Versamento da archivio"
"SACER_PREINGEST";"/versamentoOggetto/versamentoFascicoli";"Versamento fascicoli";"HELP_PAGINA";"Menu principale - Versamenti - Versamento fascicoli"
"SACER_PREINGEST";"/versamentoOggetto/versamentoOggetto";"Versamento oggetto";"HELP_PAGINA";"Menu principale - Versamenti - Versamento oggetto"
"SACER_PREINGEST";"/versamentoOggetto/versamentoOggettoDaTrasformare";"Versamento oggetto da trasformare";"HELP_PAGINA";"Menu principale - Versamenti - Versamento oggetto da trasformare"
"SACER_PREINGEST";"/versamentoOggetto/versamentoUnitaDocumentarie";"Versamento unità documentarie";"HELP_PAGINA";"Menu principale - Versamenti - Versamento unità documentarie"
"SACER_PREINGEST";"/versamentoOggetto/visualizzaStatoVersamenti";"Ricerca oggetto";"HELP_PAGINA";"Menu principale - Versamenti - Ricerca oggetto"
