"APPLIC";"NM_PAGINA_WEB";"NM_AZIONE_PAGINA";"DS_AZIONE_PAGINA"
"SACER_PREINGEST";"/amministrazione/ambienteVersDetail";"button/AmministrazioneForm#ParametriAmbienteButtonList/parametriAmministrazioneAmbienteButton";"Carica pagina parametri amministrazione"
"SACER_PREINGEST";"/amministrazione/ambienteVersDetail";"button/AmministrazioneForm#ParametriAmbienteButtonList/parametriConservazioneAmbienteButton";"Carica pagina parametri conservazione"
"SACER_PREINGEST";"/amministrazione/ambienteVersDetail";"button/AmministrazioneForm#ParametriAmbienteButtonList/parametriGestioneAmbienteButton";"Carica pagina parametri gestione"
"SACER_PREINGEST";"/amministrazione/ambienteVersDetail";"toolbar/delete";"Elimina ambiente"
"SACER_PREINGEST";"/amministrazione/ambienteVersDetail";"toolbar/edit";"Modifica ambiente"
"SACER_PREINGEST";"/amministrazione/ambienteVersDetail";"toolbar/insert";"Salva ambiente"
"SACER_PREINGEST";"/amministrazione/ambienteVersDetail";"toolbar/update";"Salva modifica ambiente"
"SACER_PREINGEST";"/amministrazione/attribDatiSpecDetail";"toolbar/edit";"Modifica attributo XSD"
"SACER_PREINGEST";"/amministrazione/attribDatiSpecDetail";"toolbar/update";"Salva modifica attributo XSD"
"SACER_PREINGEST";"/amministrazione/cercaAmbienteVers";"button/AmministrazioneForm#VisAmbienteVers/visAmbienteButton";"Ricerca ambienti"
"SACER_PREINGEST";"/amministrazione/cercaAmbienteVers";"detail/AmministrazioneForm#AmbienteVersList/delete";"Elimina ambiente"
"SACER_PREINGEST";"/amministrazione/cercaAmbienteVers";"detail/AmministrazioneForm#AmbienteVersList/edit";"Modifica ambiente"
"SACER_PREINGEST";"/amministrazione/cercaAmbienteVers";"detail/AmministrazioneForm#AmbienteVersList/insert";"Inserisci ambiente"
"SACER_PREINGEST";"/amministrazione/cercaAmbienteVers";"detail/AmministrazioneForm#AmbienteVersList/view";"Dettaglio ambiente"
"SACER_PREINGEST";"/amministrazione/cercaMsgInCoda";"button/AmministrazioneForm#VisCoda/inviaSelezionati";"Invia i messaggi selezionati"
"SACER_PREINGEST";"/amministrazione/cercaMsgInCoda";"button/AmministrazioneForm#VisCoda/inviaTutti";"Invia tutti i messaggi"
"SACER_PREINGEST";"/amministrazione/cercaMsgInCoda";"button/AmministrazioneForm#VisCoda/visCodaButton";"Ricerca messaggi"
"SACER_PREINGEST";"/amministrazione/cercaMsgInCoda";"detail/AmministrazioneForm#CodaList/sendDmqMessage";"Invia messaggio alla coda"
"SACER_PREINGEST";"/amministrazione/cercaSopClass";"button/AmministrazioneForm#VisSopClass/visSopClassButton";"Ricerca SOP CLASS"
"SACER_PREINGEST";"/amministrazione/cercaSopClass";"detail/AmministrazioneForm#SopClassList/delete";"Elimina SOP CLASS"
"SACER_PREINGEST";"/amministrazione/cercaSopClass";"detail/AmministrazioneForm#SopClassList/edit";"Modifica SOP CLASS"
"SACER_PREINGEST";"/amministrazione/cercaSopClass";"detail/AmministrazioneForm#SopClassList/insert";"Inserisci SOP CLASS"
"SACER_PREINGEST";"/amministrazione/cercaSopClass";"detail/AmministrazioneForm#SopClassList/view";"Dettaglio SOP CLASS"
"SACER_PREINGEST";"/amministrazione/cercaVers";"button/AmministrazioneForm#VisVers/importaVersatoreButton";"Importa versatore"
"SACER_PREINGEST";"/amministrazione/cercaVers";"button/AmministrazioneForm#VisVers/visVersButton";"Ricerca versatori"
"SACER_PREINGEST";"/amministrazione/cercaVers";"detail/AmministrazioneForm#VersList/delete";"Elimina versatore"
"SACER_PREINGEST";"/amministrazione/cercaVers";"detail/AmministrazioneForm#VersList/duplicaVersatoreOperation";"Duplica versatore"
"SACER_PREINGEST";"/amministrazione/cercaVers";"detail/AmministrazioneForm#VersList/edit";"Modifica versatore"
"SACER_PREINGEST";"/amministrazione/cercaVers";"detail/AmministrazioneForm#VersList/insert";"Inserisci versatore"
"SACER_PREINGEST";"/amministrazione/cercaVers";"detail/AmministrazioneForm#VersList/view";"Dettaglio versatore"
"SACER_PREINGEST";"/amministrazione/dettaglioSetParametriVersatore";"button/AmministrazioneForm#SetParametriVersatoreDetail/caricaParametriDaCSV";"Carica i parametri da CSV"
"SACER_PREINGEST";"/amministrazione/dettaglioSetParametriVersatore";"button/AmministrazioneForm#SetParametriVersatoreDetail/eliminaSetParametriVersatore";"Reset tutti i valori parametri"
"SACER_PREINGEST";"/amministrazione/dettaglioSetParametriVersatore";"button/AmministrazioneForm#ValoreParametroVersatoreDetail/annullaModificaValoreParametroVersatore";"Annulla modifica valore parametro versatore"
"SACER_PREINGEST";"/amministrazione/dettaglioSetParametriVersatore";"button/AmministrazioneForm#ValoreParametroVersatoreDetail/confermaModificaValoreParametroVersatore";"Conferma modifica valore parametro versatore"
"SACER_PREINGEST";"/amministrazione/dettaglioSetParametriVersatore";"detail/AmministrazioneForm#ValoreParametriVersatoreList/edit";"Modifica valore parametro"
"SACER_PREINGEST";"/amministrazione/dettaglioSetParametriVersatore";"detail/AmministrazioneForm#ValoreParametriVersatoreList/eliminaValoreParametroVersatore";"Reset valore parametro"
"SACER_PREINGEST";"/amministrazione/dettaglioStatoVersamentoOggetto";"toolbar/edit";"Modifica stato versamento oggetto"
"SACER_PREINGEST";"/amministrazione/dettaglioVersatoreGenerazioneOggetti";"detail/AmministrazioneForm#SetParametriVersatoreList/view";"Dettaglio set parametri per versatore"
"SACER_PREINGEST";"/amministrazione/dettaglioVersatoreGenerazioneOggetti";"toolbar/delete";"Elimina versatore generazione oggetti"
"SACER_PREINGEST";"/amministrazione/dettaglioVersatoreGenerazioneOggetti";"toolbar/edit";"Modifica versatore generazione oggetti"
"SACER_PREINGEST";"/amministrazione/dettaglioVersatoreGenerazioneOggetti";"toolbar/insert";"Salva versatore generazione oggetti"
"SACER_PREINGEST";"/amministrazione/dettaglioVersatoreGenerazioneOggetti";"toolbar/update";"Salva modifica versatore generazione oggetti"
"SACER_PREINGEST";"/amministrazione/duplicaVersDetail";"button/AmministrazioneForm#Vers/duplicaVersatore";"Duplica versatore"
"SACER_PREINGEST";"/amministrazione/duplicaVersDetail";"button/AmministrazioneForm#Vers/importaVersatore";"Importa versatore"
"SACER_PREINGEST";"/amministrazione/enteConvenzionatoDetail";"toolbar/delete";"Elimina ente convenzionato"
"SACER_PREINGEST";"/amministrazione/enteConvenzionatoDetail";"toolbar/edit";"Modifica ente convenzionato"
"SACER_PREINGEST";"/amministrazione/enteConvenzionatoDetail";"toolbar/insert";"Salva ente convenzionato"
"SACER_PREINGEST";"/amministrazione/enteConvenzionatoDetail";"toolbar/update";"Salva modifica ente convenzionato"
"SACER_PREINGEST";"/amministrazione/listaStatiVersamentoOggetto";"detail/AmministrazioneForm#StatiVersamentoObjectList/edit";"Modifica stato versamento oggetto"
"SACER_PREINGEST";"/amministrazione/parametriAmbienteVers";"button/AmministrazioneForm#RicercaParametriAmbiente/ricercaParametriAmbienteButton";"Ricerca parametri ambiente versatore"
"SACER_PREINGEST";"/amministrazione/parametriAmbienteVers";"toolbar/edit";"Modifica parametri ambiente versatore"
"SACER_PREINGEST";"/amministrazione/parametriAmbienteVers";"toolbar/update";"Salva modifica parametri ambiente versatore"
"SACER_PREINGEST";"/amministrazione/parametriTipoObject";"button/AmministrazioneForm#RicercaParametriTipoOggetto/ricercaParametriTipoOggettoButton";"Ricerca parametri tipo oggetto"
"SACER_PREINGEST";"/amministrazione/parametriTipoObject";"toolbar/edit";"Modifica parametri tipo oggetto"
"SACER_PREINGEST";"/amministrazione/parametriTipoObject";"toolbar/update";"Salva modifica parametri tipo oggetto"
"SACER_PREINGEST";"/amministrazione/parametriVersatore";"button/AmministrazioneForm#RicercaParametriVersatore/ricercaParametriVersatoreButton";"Ricerca parametri versatore"
"SACER_PREINGEST";"/amministrazione/parametriVersatore";"toolbar/edit";"Modifica parametri versatore"
"SACER_PREINGEST";"/amministrazione/parametriVersatore";"toolbar/update";"Salva modifica parametri versatore"
"SACER_PREINGEST";"/amministrazione/sopClassDicomDetail";"toolbar/delete";"Elimina SOP CLASS"
"SACER_PREINGEST";"/amministrazione/sopClassDicomDetail";"toolbar/edit";"Modifica SOP CLASS"
"SACER_PREINGEST";"/amministrazione/sopClassDicomDetail";"toolbar/insert";"Salva SOP CLASS"
"SACER_PREINGEST";"/amministrazione/sopClassDicomVersDetail";"button/AmministrazioneForm#ButtonAllList/deselect_all";"Rimuovi tutte le SOP CLASS da versatore"
"SACER_PREINGEST";"/amministrazione/sopClassDicomVersDetail";"button/AmministrazioneForm#ButtonAllList/select_all";"Aggiungi tutte le SOP CLASS al versatore"
"SACER_PREINGEST";"/amministrazione/sopClassDicomVersDetail";"detail/AmministrazioneForm#SopClassDispList/add";"Aggiungi SOP CLASS al versatore"
"SACER_PREINGEST";"/amministrazione/sopClassDicomVersDetail";"detail/AmministrazioneForm#SopClassDispList/remove";"Rimuovi SOP CLASS da versatore"
"SACER_PREINGEST";"/amministrazione/sopClassDicomVersDetail";"toolbar/insert";"Salva SOP CLASS al versatore"
"SACER_PREINGEST";"/amministrazione/tipoFileObjectDetail";"detail/AmministrazioneForm#XsdDatiSpecList/delete";"Elimina XSD tipo file"
"SACER_PREINGEST";"/amministrazione/tipoFileObjectDetail";"detail/AmministrazioneForm#XsdDatiSpecList/edit";"Modifica XSD tipo file"
"SACER_PREINGEST";"/amministrazione/tipoFileObjectDetail";"detail/AmministrazioneForm#XsdDatiSpecList/insert";"Inserisci XSD tipo file"
"SACER_PREINGEST";"/amministrazione/tipoFileObjectDetail";"detail/AmministrazioneForm#XsdDatiSpecList/view";"Dettaglio XSD tipo file"
"SACER_PREINGEST";"/amministrazione/tipoFileObjectDetail";"toolbar/delete";"Elimina tipo file"
"SACER_PREINGEST";"/amministrazione/tipoFileObjectDetail";"toolbar/edit";"Modifica tipo file"
"SACER_PREINGEST";"/amministrazione/tipoFileObjectDetail";"toolbar/insert";"Salva tipo file"
"SACER_PREINGEST";"/amministrazione/tipoFileObjectDetail";"toolbar/update";"Salva modifica tipo file"
"SACER_PREINGEST";"/amministrazione/tipoObjectDetail";"button/AmministrazioneForm#ParametriTipoOggettoButtonList/parametriAmministrazioneTipoOggettoButton";"Carica pagina parametri amministrazione"
"SACER_PREINGEST";"/amministrazione/tipoObjectDetail";"button/AmministrazioneForm#ParametriTipoOggettoButtonList/parametriConservazioneTipoOggettoButton";"Carica pagina parametri conservazione"
"SACER_PREINGEST";"/amministrazione/tipoObjectDetail";"button/AmministrazioneForm#ParametriTipoOggettoButtonList/parametriGestioneTipoOggettoButton";"Carica pagina parametri gestione"
"SACER_PREINGEST";"/amministrazione/tipoObjectDetail";"button/AmministrazioneForm#TipoObject/logEventiTipoOggetto";"Log eventi"
"SACER_PREINGEST";"/amministrazione/tipoObjectDetail";"detail/AmministrazioneForm#TipoFileObjectList/delete";"Elimina tipo file"
"SACER_PREINGEST";"/amministrazione/tipoObjectDetail";"detail/AmministrazioneForm#TipoFileObjectList/edit";"Modifica tipo file"
"SACER_PREINGEST";"/amministrazione/tipoObjectDetail";"detail/AmministrazioneForm#TipoFileObjectList/insert";"Inserisci tipo file"
"SACER_PREINGEST";"/amministrazione/tipoObjectDetail";"detail/AmministrazioneForm#TipoFileObjectList/view";"Dettaglio tipo file"
"SACER_PREINGEST";"/amministrazione/tipoObjectDetail";"detail/AmministrazioneForm#VersatoriGenerazioneOggettiList/delete";"Elimina versatore per cui si generano oggetti"
"SACER_PREINGEST";"/amministrazione/tipoObjectDetail";"detail/AmministrazioneForm#VersatoriGenerazioneOggettiList/edit";"Modifica versatore per cui si generano oggetti"
"SACER_PREINGEST";"/amministrazione/tipoObjectDetail";"detail/AmministrazioneForm#VersatoriGenerazioneOggettiList/insert";"Inserisci versatore per cui si generano oggetti"
"SACER_PREINGEST";"/amministrazione/tipoObjectDetail";"detail/AmministrazioneForm#VersatoriGenerazioneOggettiList/view";"Dettaglio versatore per cui si generano oggetti"
"SACER_PREINGEST";"/amministrazione/tipoObjectDetail";"detail/AmministrazioneForm#XsdDatiSpecList/delete";"Elimina XSD tipo oggetto"
"SACER_PREINGEST";"/amministrazione/tipoObjectDetail";"detail/AmministrazioneForm#XsdDatiSpecList/edit";"Modifica XSD tipo oggetto"
"SACER_PREINGEST";"/amministrazione/tipoObjectDetail";"detail/AmministrazioneForm#XsdDatiSpecList/insert";"Inserisci XSD tipo oggetto"
"SACER_PREINGEST";"/amministrazione/tipoObjectDetail";"detail/AmministrazioneForm#XsdDatiSpecList/view";"Dettaglio XSD tipo oggetto"
"SACER_PREINGEST";"/amministrazione/tipoObjectDetail";"toolbar/delete";"Elimina tipo oggetto"
"SACER_PREINGEST";"/amministrazione/tipoObjectDetail";"toolbar/edit";"Modifica tipo oggetto"
"SACER_PREINGEST";"/amministrazione/tipoObjectDetail";"toolbar/insert";"Salva tipo oggetto"
"SACER_PREINGEST";"/amministrazione/tipoObjectDetail";"toolbar/update";"Salva modifica tipo oggetto"
"SACER_PREINGEST";"/amministrazione/versDetail";"button/AmministrazioneForm#ParametriVersatoreButtonList/parametriAmministrazioneVersatoreButton";"Carica pagina parametri amministrazione"
"SACER_PREINGEST";"/amministrazione/versDetail";"button/AmministrazioneForm#ParametriVersatoreButtonList/parametriConservazioneVersatoreButton";"Carica pagina parametri conservazione"
"SACER_PREINGEST";"/amministrazione/versDetail";"button/AmministrazioneForm#ParametriVersatoreButtonList/parametriGestioneVersatoreButton";"Carica pagina parametri gestione"
"SACER_PREINGEST";"/amministrazione/versDetail";"button/AmministrazioneForm#Vers/associaSopClassButton";"Associa SOP CLASS a versatore"
"SACER_PREINGEST";"/amministrazione/versDetail";"button/AmministrazioneForm#Vers/cessaVersatore";"Cessazione versatore"
"SACER_PREINGEST";"/amministrazione/versDetail";"button/AmministrazioneForm#Vers/creaCartellaDaVersare";"Crea la cartella archivio per il versatore"
"SACER_PREINGEST";"/amministrazione/versDetail";"button/AmministrazioneForm#Vers/esportaVersatore";"Esporta versatore"
"SACER_PREINGEST";"/amministrazione/versDetail";"button/AmministrazioneForm#Vers/logEventi";"Log eventi"
"SACER_PREINGEST";"/amministrazione/versDetail";"button/AmministrazioneForm#VersatoreCustomMessageButtonList/annullaModificheVersatore";"Annulla modifiche versatore"
"SACER_PREINGEST";"/amministrazione/versDetail";"button/AmministrazioneForm#VersatoreCustomMessageButtonList/confermaModificheVersatore";"Conferma modifiche versatore"
"SACER_PREINGEST";"/amministrazione/versDetail";"detail/AmministrazioneForm#EnteConvenzOrgList/delete";"Elimina ente convenzionato"
"SACER_PREINGEST";"/amministrazione/versDetail";"detail/AmministrazioneForm#EnteConvenzOrgList/edit";"Modifica ente convenzionato"
"SACER_PREINGEST";"/amministrazione/versDetail";"detail/AmministrazioneForm#EnteConvenzOrgList/insert";"Inserisci ente convenzionato"
"SACER_PREINGEST";"/amministrazione/versDetail";"detail/AmministrazioneForm#EnteConvenzOrgList/view";"Dettaglio ente convenzionato"
"SACER_PREINGEST";"/amministrazione/versDetail";"detail/AmministrazioneForm#TipoObjectList/delete";"Elimina tipo oggetto"
"SACER_PREINGEST";"/amministrazione/versDetail";"detail/AmministrazioneForm#TipoObjectList/edit";"Modifica tipo oggetto"
"SACER_PREINGEST";"/amministrazione/versDetail";"detail/AmministrazioneForm#TipoObjectList/insert";"Inserisci tipo oggetto"
"SACER_PREINGEST";"/amministrazione/versDetail";"detail/AmministrazioneForm#TipoObjectList/view";"Dettaglio tipo oggetto"
"SACER_PREINGEST";"/amministrazione/versDetail";"toolbar/delete";"Elimina versatore"
"SACER_PREINGEST";"/amministrazione/versDetail";"toolbar/edit";"Modifica versatore"
"SACER_PREINGEST";"/amministrazione/versDetail";"toolbar/insert";"Salva versatore"
"SACER_PREINGEST";"/amministrazione/versDetail";"toolbar/update";"Salva modifica versatore"
"SACER_PREINGEST";"/amministrazione/xsdDatiSpecDetail";"button/AmministrazioneForm#XsdDatiSpec/scaricaXsdButton";"Scarica XSD"
"SACER_PREINGEST";"/amministrazione/xsdDatiSpecDetail";"detail/AmministrazioneForm#AttribDatiSpecList/edit";"Modifica attributo XSD"
"SACER_PREINGEST";"/amministrazione/xsdDatiSpecDetail";"detail/AmministrazioneForm#AttribDatiSpecList/view";"Dettaglio attributo XSD"
"SACER_PREINGEST";"/amministrazione/xsdDatiSpecDetail";"toolbar/delete";"Elimina XSD"
"SACER_PREINGEST";"/amministrazione/xsdDatiSpecDetail";"toolbar/edit";"Modifica XSD"
"SACER_PREINGEST";"/amministrazione/xsdDatiSpecDetail";"toolbar/insert";"Salva XSD"
"SACER_PREINGEST";"/amministrazione/xsdDatiSpecDetail";"toolbar/update";"Salva modifica XSD"
"SACER_PREINGEST";"/amministrazioneSistema/GestioneJob";"button/GestioneJobForm#AllineamentoLog/startAllineamentoLog";"Avvia job allineamento log"
"SACER_PREINGEST";"/amministrazioneSistema/GestioneJob";"button/GestioneJobForm#AllineamentoLog/startOnceAllineamentoLog";"Esecuzione singola job allineamento log"
"SACER_PREINGEST";"/amministrazioneSistema/GestioneJob";"button/GestioneJobForm#AllineamentoLog/stopAllineamentoLog";"Ferma job allineamento log"
"SACER_PREINGEST";"/amministrazioneSistema/GestioneJob";"button/GestioneJobForm#AllineamentoOrganizzazioni/startAllineamentoOrganizzazioni";"Start job allineamento organizzazioni"
"SACER_PREINGEST";"/amministrazioneSistema/GestioneJob";"button/GestioneJobForm#AllineamentoOrganizzazioni/startOnceAllineamentoOrganizzazioni";"Esecuzione singola job allineamento organizzazioni"
"SACER_PREINGEST";"/amministrazioneSistema/GestioneJob";"button/GestioneJobForm#AllineamentoOrganizzazioni/stopAllineamentoOrganizzazioni";"Stop job allineamento organizzazioni"
"SACER_PREINGEST";"/amministrazioneSistema/GestioneJob";"button/GestioneJobForm#EseguiTrasformazione/startEseguiTrasformazione";"Start job Esegui trasformazione"
"SACER_PREINGEST";"/amministrazioneSistema/GestioneJob";"button/GestioneJobForm#EseguiTrasformazione/startOnceEseguiTrasformazione";"Esecuzione singola job Esegui trasformazione"
"SACER_PREINGEST";"/amministrazioneSistema/GestioneJob";"button/GestioneJobForm#EseguiTrasformazione/stopEseguiTrasformazione";"Stop job Esegui trasformazione"
"SACER_PREINGEST";"/amministrazioneSistema/GestioneJob";"button/GestioneJobForm#InizializzazioneLog/startOnceInizializzazioneLog";"Esecuzione singola job inizializzazione log"
"SACER_PREINGEST";"/amministrazioneSistema/GestioneJob";"button/GestioneJobForm#InviaOggettiGeneratiAPing/startInviaOggettiGeneratiAPing";"Start job Invia oggetti generati a Ping"
"SACER_PREINGEST";"/amministrazioneSistema/GestioneJob";"button/GestioneJobForm#InviaOggettiGeneratiAPing/startOnceInviaOggettiGeneratiAPing";"Esecuzione singola job Invia oggetti generati a Ping"
"SACER_PREINGEST";"/amministrazioneSistema/GestioneJob";"button/GestioneJobForm#InviaOggettiGeneratiAPing/stopInviaOggettiGeneratiAPing";"Stop job Invia oggetti generati a Ping"
"SACER_PREINGEST";"/amministrazioneSistema/GestioneJob";"button/GestioneJobForm#InvioSU/startInvioSU";"Avvia job invio strumenti urbanistici"
"SACER_PREINGEST";"/amministrazioneSistema/GestioneJob";"button/GestioneJobForm#InvioSU/startOnceInvioSU";"Esecuzione singola job invio strumenti urbanistici"
"SACER_PREINGEST";"/amministrazioneSistema/GestioneJob";"button/GestioneJobForm#InvioSU/stopInvioSU";"Ferma job invio strumenti urbanistici"
"SACER_PREINGEST";"/amministrazioneSistema/GestioneJob";"button/GestioneJobForm#InvioSisma/startInvioSisma";"Avvia job invio sisma"
"SACER_PREINGEST";"/amministrazioneSistema/GestioneJob";"button/GestioneJobForm#InvioSisma/startOnceInvioSisma";"Esecuzione singola job invio sisma"
"SACER_PREINGEST";"/amministrazioneSistema/GestioneJob";"button/GestioneJobForm#InvioSisma/startOnceInvioSisma";"Esecuzione sisma"
"SACER_PREINGEST";"/amministrazioneSistema/GestioneJob";"button/GestioneJobForm#InvioSisma/stopInvioSisma";"Ferma job invio sisma"
"SACER_PREINGEST";"/amministrazioneSistema/GestioneJob";"button/GestioneJobForm#PreparaXMLSACER/startOncePreparaXMLSACER";"Esecuzione singola job Prepara XML SACER"
"SACER_PREINGEST";"/amministrazioneSistema/GestioneJob";"button/GestioneJobForm#PreparaXMLSACER/startPreparaXMLSACER";"Start job Prepara XML SACER"
"SACER_PREINGEST";"/amministrazioneSistema/GestioneJob";"button/GestioneJobForm#PreparaXMLSACER/stopPreparaXMLSACER";"Stop job Prepara XML SACER"
"SACER_PREINGEST";"/amministrazioneSistema/GestioneJob";"button/GestioneJobForm#ProducerCodaVerificaH/startOnceProducerCodaVerificaH";"Esecuzione singola job Producer coda verifica hash"
"SACER_PREINGEST";"/amministrazioneSistema/GestioneJob";"button/GestioneJobForm#ProducerCodaVerificaH/startProducerCodaVerificaH";"Start job Producer coda verifica hash"
"SACER_PREINGEST";"/amministrazioneSistema/GestioneJob";"button/GestioneJobForm#ProducerCodaVerificaH/stopProducerCodaVerificaH";"Stop job Producer coda verifica hash"
"SACER_PREINGEST";"/amministrazioneSistema/GestioneJob";"button/GestioneJobForm#ProducerCodaVersamento/startOnceProducerCodaVersamento";"Esecuzione singola job Producer coda versamento SACER"
"SACER_PREINGEST";"/amministrazioneSistema/GestioneJob";"button/GestioneJobForm#ProducerCodaVersamento/startProducerCodaVersamento";"Start job Producer coda versamento SACER"
"SACER_PREINGEST";"/amministrazioneSistema/GestioneJob";"button/GestioneJobForm#ProducerCodaVersamento/stopProducerCodaVersamento";"Stop job Producer coda versamento SACER"
"SACER_PREINGEST";"/amministrazioneSistema/GestioneJob";"button/GestioneJobForm#RecuperaErroriCoda/startOnceRecuperaErroriCoda";"Esecuzione singola job Recupera errori in coda"
"SACER_PREINGEST";"/amministrazioneSistema/GestioneJob";"button/GestioneJobForm#RecuperaErroriCoda/startRecuperaErroriCoda";"Start job Recupera errori in coda"
"SACER_PREINGEST";"/amministrazioneSistema/GestioneJob";"button/GestioneJobForm#RecuperaErroriCoda/stopRecuperaErroriCoda";"Stop job Recupera errori in coda"
"SACER_PREINGEST";"/amministrazioneSistema/GestioneJob";"button/GestioneJobForm#RecuperaVersErr/startOnceRecuperaVersErr";"Esecuzione singola job Recupera versamenti in errore o timeout"
"SACER_PREINGEST";"/amministrazioneSistema/GestioneJob";"button/GestioneJobForm#RecuperaVersErr/startRecuperaVersErr";"Start job Recupera versamenti in errore o timeout"
"SACER_PREINGEST";"/amministrazioneSistema/GestioneJob";"button/GestioneJobForm#RecuperaVersErr/stopRecuperaVersErr";"Stop job Recupera versamenti in errore o timeout"
"SACER_PREINGEST";"/amministrazioneSistema/GestioneJob";"button/GestioneJobForm#RecuperoSACER/startOnceRecuperoSACER";"Esecuzione singola job Recupero unita' doc da SACER"
"SACER_PREINGEST";"/amministrazioneSistema/GestioneJob";"button/GestioneJobForm#RecuperoSACER/startRecuperoSACER";"Start job Recupero unita' doc da SACER"
"SACER_PREINGEST";"/amministrazioneSistema/GestioneJob";"button/GestioneJobForm#RecuperoSACER/stopRecuperoSACER";"Stop job Recupero unita' doc da SACER"
"SACER_PREINGEST";"/amministrazioneSistema/GestioneJob";"button/GestioneJobForm#SetupKettleRepository/initRepository";"Inizializzazione del repository delle trasformazioni"
"SACER_PREINGEST";"/amministrazioneSistema/gestioneJobRicerca";"button/GestioneJobForm#GestioneJobInfo/disabilitaAllJobs";"Disabilita tutti i job"
"SACER_PREINGEST";"/amministrazioneSistema/gestioneJobRicerca";"button/GestioneJobForm#GestioneJobInfo/ricaricaGestioneJob";"Ricarica gestione job"
"SACER_PREINGEST";"/amministrazioneSistema/gestioneJobRicerca";"button/GestioneJobForm#GestioneJobInfo/salvaFotoGestioneJob";"Salva foto gestione job"
"SACER_PREINGEST";"/amministrazioneSistema/gestioneJobRicerca";"button/GestioneJobForm#GestioneJobInfo2/ripristinaFotoGestioneJob";"Ripristina foto job"
"SACER_PREINGEST";"/amministrazioneSistema/gestioneJobRicerca";"button/GestioneJobForm#GestioneJobRicercaFiltri/esecuzioneSingolaMassivaGestioneJob";"Esecuzione singola massiva job"
"SACER_PREINGEST";"/amministrazioneSistema/gestioneJobRicerca";"button/GestioneJobForm#GestioneJobRicercaFiltri/ricercaGestioneJob";"Ricerca job"
"SACER_PREINGEST";"/amministrazioneSistema/gestioneJobRicerca";"button/GestioneJobForm#GestioneJobRicercaFiltri/startMassivoGestioneJob";"Start massivo job"
"SACER_PREINGEST";"/amministrazioneSistema/gestioneJobRicerca";"button/GestioneJobForm#GestioneJobRicercaFiltri/stopMassivoGestioneJob";"Stop massivo job"
"SACER_PREINGEST";"/amministrazioneSistema/gestioneJobRicerca";"detail/GestioneJobForm#GestioneJobRicercaInfo/totJobAttiviOperation";"Filtra totale job attivi"
"SACER_PREINGEST";"/amministrazioneSistema/gestioneJobRicerca";"detail/GestioneJobForm#GestioneJobRicercaInfo/totJobDisattiviOperation";"Filtra totale job disattivi"
"SACER_PREINGEST";"/amministrazioneSistema/gestioneJobRicerca";"detail/GestioneJobForm#GestioneJobRicercaInfo/totJobOperation";"Filtri totale job"
"SACER_PREINGEST";"/amministrazioneSistema/gestioneJobRicerca";"detail/GestioneJobForm#GestioneJobRicercaList/apriVisualizzaSchedulazioniJob";"Visualizza schedulazioni Job"
"SACER_PREINGEST";"/amministrazioneSistema/gestioneJobRicerca";"detail/GestioneJobForm#GestioneJobRicercaList/esecuzioneSingolaGestioneJobOperation";"Esecuzione singola job"
"SACER_PREINGEST";"/amministrazioneSistema/gestioneJobRicerca";"detail/GestioneJobForm#GestioneJobRicercaList/startGestioneJobOperation";"Start job"
"SACER_PREINGEST";"/amministrazioneSistema/gestioneJobRicerca";"detail/GestioneJobForm#GestioneJobRicercaList/stopGestioneJobOperation";"Stop job"
"SACER_PREINGEST";"/amministrazioneSistema/registroParametri";"button/AmministrazioneForm#Configuration/add_config";"Aggiungi parametro"
"SACER_PREINGEST";"/amministrazioneSistema/registroParametri";"button/AmministrazioneForm#Configuration/edit_config";"Modifica parametri"
"SACER_PREINGEST";"/amministrazioneSistema/registroParametri";"button/AmministrazioneForm#Configuration/load_config_list";"Carica parametri"
"SACER_PREINGEST";"/amministrazioneSistema/registroParametri";"button/AmministrazioneForm#Configuration/save_config";"Salva parametri"
"SACER_PREINGEST";"/amministrazioneSistema/registroParametri";"detail/AmministrazioneForm#ConfigurationList/delete";"Cancella parametro"
"SACER_PREINGEST";"/amministrazioneTrasformazioni/DettaglioSetParametri";"button/TrasformazioniForm#ParametersSetDetail/addParameter";"Aggiorna i set di parametri"
"SACER_PREINGEST";"/amministrazioneTrasformazioni/DettaglioSetParametri";"button/TrasformazioniForm#ParametersSetDetail/updateParametersSetsFromSetDetail";"Aggiungi un parametro"
"SACER_PREINGEST";"/amministrazioneTrasformazioni/DettaglioSetParametri";"detail/TrasformazioniForm#ParametersList/delete";"Elimina parametro"
"SACER_PREINGEST";"/amministrazioneTrasformazioni/DettaglioSetParametri";"toolbar/delete";"Elimina set parametri"
"SACER_PREINGEST";"/amministrazioneTrasformazioni/DettaglioSetParametri";"toolbar/edit";"Modifica set parametri"
"SACER_PREINGEST";"/amministrazioneTrasformazioni/DettaglioTrasformazione";"button/TrasformazioniForm#TransformationDetail/downloadPkg";"Scarica pacchetto della trasformazione"
"SACER_PREINGEST";"/amministrazioneTrasformazioni/DettaglioTrasformazione";"button/TrasformazioniForm#TransformationDetail/insertDefaultParametersSet";"Crea un set di parametri di default"
"SACER_PREINGEST";"/amministrazioneTrasformazioni/DettaglioTrasformazione";"button/TrasformazioniForm#TransformationDetail/insertNewVersion";"Inserisci nuova versione"
"SACER_PREINGEST";"/amministrazioneTrasformazioni/DettaglioTrasformazione";"button/TrasformazioniForm#TransformationDetail/insertParametersSet";"Inserisci un set di parametri"
"SACER_PREINGEST";"/amministrazioneTrasformazioni/DettaglioTrasformazione";"button/TrasformazioniForm#TransformationDetail/updateParametersSets";"Aggiorna i set di parametri"
"SACER_PREINGEST";"/amministrazioneTrasformazioni/DettaglioTrasformazione";"detail/TrasformazioniForm#ParametersSetList/delete";"Elimina set parametri"
"SACER_PREINGEST";"/amministrazioneTrasformazioni/DettaglioTrasformazione";"detail/TrasformazioniForm#ParametersSetList/edit";"Modifica set parametri"
"SACER_PREINGEST";"/amministrazioneTrasformazioni/DettaglioTrasformazione";"detail/TrasformazioniForm#ParametersSetList/view";"Dettaglio set parametri"
"SACER_PREINGEST";"/amministrazioneTrasformazioni/DettaglioTrasformazione";"detail/TrasformazioniForm#TipiOggettoList/vaiAlTipoOggetto"; "Vai al tipo oggetto"
"SACER_PREINGEST";"/amministrazioneTrasformazioni/DettaglioTrasformazione";"detail/TrasformazioniForm#TipiOggettoList/vaiAlTipoOggettoGenerato"; "Vai al tipo oggetto generato"
"SACER_PREINGEST";"/amministrazioneTrasformazioni/DettaglioTrasformazione";"detail/TrasformazioniForm#TipiOggettoList/vaiAlVersatore"; "Vai al versatore"
"SACER_PREINGEST";"/amministrazioneTrasformazioni/DettaglioTrasformazione";"detail/TrasformazioniForm#VersionsList/scaricaTrasformazione"; "Scarica"
"SACER_PREINGEST";"/amministrazioneTrasformazioni/DettaglioTrasformazione";"toolbar/delete";"Elimina trasformazione"
"SACER_PREINGEST";"/amministrazioneTrasformazioni/DettaglioTrasformazione";"toolbar/edit";"Modifica trasformazione"
"SACER_PREINGEST";"/amministrazioneTrasformazioni/InserimentoNuovaVersione";"toolbar/insert";"Salva nuova versione"
"SACER_PREINGEST";"/amministrazioneTrasformazioni/InserimentoSetParametri";"toolbar/insert";"Salva set parametri"
"SACER_PREINGEST";"/amministrazioneTrasformazioni/InserimentoTrasformazioni";"toolbar/insert";"Salva trasformazione"
"SACER_PREINGEST";"/amministrazioneTrasformazioni/RicercaTrasformazioni";"button/TrasformazioniForm#FiltriRicercaTrasformazioni/ricercaTrasformazione";"Ricerca trasformazioni"
"SACER_PREINGEST";"/amministrazioneTrasformazioni/RicercaTrasformazioni";"detail/TrasformazioniForm#TrasformazioniList/delete";"Elimina trasformazione"
"SACER_PREINGEST";"/amministrazioneTrasformazioni/RicercaTrasformazioni";"detail/TrasformazioniForm#TrasformazioniList/edit";"Modifica trasformazione"
"SACER_PREINGEST";"/amministrazioneTrasformazioni/RicercaTrasformazioni";"detail/TrasformazioniForm#TrasformazioniList/insert";"Inserisci nuova trasformazione"
"SACER_PREINGEST";"/amministrazioneTrasformazioni/RicercaTrasformazioni";"detail/TrasformazioniForm#TrasformazioniList/view";"Dettaglio trasformazione"
"SACER_PREINGEST";"/amministrazioneTrasformazioni/monitoraggioServerTrasformazioni";"button/TrasformazioniForm#MonitoraggioServerTrasformazioniDetail/updateKettleServersStatus";"Aggiorna monitoraggio server di trasformazione"
"SACER_PREINGEST";"/logEventi/DettaglioEventoOggetto";"button/GestioneLogEventiForm#EventoDetail/visualizzaDatiCompleti";"Visualizza dati completi"
"SACER_PREINGEST";"/logEventi/DettaglioEventoOggetto";"button/GestioneLogEventiForm#EventoDetail/visualizzaFoto";"Visualizza foto"
"SACER_PREINGEST";"/logEventi/DettaglioEventoOggetto";"detail/GestioneLogEventiForm#ListaModifiche/visualizzaValoriClob";"Visualizza valori clob"
"SACER_PREINGEST";"/logEventi/DettaglioEventoOggetto";"detail/GestioneLogEventiForm#ListaModifiche/visualizzaValoriGrandi";"Visualizza valori grandi"
"SACER_PREINGEST";"/logEventi/DettaglioTransazione";"button/GestioneLogEventiForm#EventoPrincipale/visualizzaDatiCompletiTransazione";"Visualizza dati completi"
"SACER_PREINGEST";"/logEventi/DettaglioTransazione";"detail/GestioneLogEventiForm#EventiSuccessiviList/view";"Dettaglio evento successivo"
"SACER_PREINGEST";"/logEventi/DettaglioTransazione";"detail/GestioneLogEventiForm#OggettiEventoPrincipaleList/view";"Dettaglio evento principale"
"SACER_PREINGEST";"/logEventi/DettaglioXml";"button/GestioneLogEventiForm#ValoreXml/scarica_xml";"Scarica xml foto"
"SACER_PREINGEST";"/logEventi/GestioneLogEventi";"detail/GestioneLogEventiForm#ListaEventi/view";"Visualizza dettaglio evento"
"SACER_PREINGEST";"/logEventi/GestioneLogEventi";"detail/GestioneLogEventiForm#ListaEventi/visualizzaDettaglioTransazioneDaListaEventi";"Dettaglio transazione"
"SACER_PREINGEST";"/logEventi/RicercaEventi";"button/GestioneLogEventiForm#FiltriRicercaEventi/ricercaEventi";"Ricerca eventi"
"SACER_PREINGEST";"/logEventi/RicercaEventi";"detail/GestioneLogEventiForm#RicercaEventiList/view";"Dettaglio evento"
"SACER_PREINGEST";"/logEventi/RicercaEventi";"detail/GestioneLogEventiForm#RicercaEventiList/visualizzaDettaglioTransazione";"Dettaglio transazione"
"SACER_PREINGEST";"/monitoraggio/oggettiDaVersamentiFallitiList";"button/MonitoraggioForm#oggettiDerVersFallitiButtonList/ricercaOggettiDaVersamentiFalliti";"Ricerca oggetti da versamenti falliti"
"SACER_PREINGEST";"/monitoraggio/oggettiDaVersamentiFallitiList";"detail/MonitoraggioForm#OggettiDaVersamentiFallitiList/view";"Dettaglio oggetto da versamenti falliti"
"SACER_PREINGEST";"/monitoraggio/oggettiList";"button/MonitoraggioForm#FiltriOggetti/ricercaOggetti";"Ricerca oggetti"
"SACER_PREINGEST";"/monitoraggio/oggettiList";"detail/MonitoraggioForm#OggettiList/edit";"Modifica dettaglio oggetto"
"SACER_PREINGEST";"/monitoraggio/oggettiList";"detail/MonitoraggioForm#OggettiList/view";"Dettaglio oggetto"
"SACER_PREINGEST";"/monitoraggio/oggettoDaVersamentiFallitiDetail";"button/MonitoraggioForm#oggettiDerVersFallitiButtonList/annullaOggettoDerVersFalliti";"Annulla oggetto"
"SACER_PREINGEST";"/monitoraggio/oggettoDaVersamentiFallitiDetail";"button/MonitoraggioForm#oggettiDerVersFallitiButtonList/annullaVersamentiUDDerVersFalliti";"Annulla versamenti unità documentarie"
"SACER_PREINGEST";"/monitoraggio/oggettoDaVersamentiFallitiDetail";"button/MonitoraggioForm#oggettiDerVersFallitiButtonList/impostaTuttiNonRisolubOggettiDaVersFalliti";"Imposta TUTTI versamenti non risolubili"
"SACER_PREINGEST";"/monitoraggio/oggettoDaVersamentiFallitiDetail";"button/MonitoraggioForm#oggettiDerVersFallitiButtonList/impostaTuttiVerificOggettiDaVersFalliti";"Imposta TUTTI versamenti falliti verificati"
"SACER_PREINGEST";"/monitoraggio/oggettoDaVersamentiFallitiDetail";"button/MonitoraggioForm#oggettiDerVersFallitiButtonList/impostaVerificNonRisolubOggettiDaVersFalliti";"Imposta versamenti falliti verificati / non risolubili"
"SACER_PREINGEST";"/monitoraggio/oggettoDaVersamentiFallitiDetail";"detail/MonitoraggioForm#OggettoDaVersamentiFallitiDetailVersamentiList/view";"Dettaglio versamento"
"SACER_PREINGEST";"/monitoraggio/oggettoDaVersamentiFallitiDetail";"toolbar/edit";"Modifica dettaglio versamento"
"SACER_PREINGEST";"/monitoraggio/oggettoDaVersamentiFallitiDetail";"toolbar/insert";"Salva dettaglio versamento"
"SACER_PREINGEST";"/monitoraggio/oggettoDetail";"button/MonitoraggioForm#OggettoDetailButtonList/accettaAnnullamentoFallito";"Accetta annullamento fallito"
"SACER_PREINGEST";"/monitoraggio/oggettoDetail";"button/MonitoraggioForm#OggettoDetailButtonList/annullaOggettoDetail";"Annulla oggetto"
"SACER_PREINGEST";"/monitoraggio/oggettoDetail";"button/MonitoraggioForm#OggettoDetailButtonList/annullaVersamentiUDDetail";"Annulla versamenti unità documentarie"
"SACER_PREINGEST";"/monitoraggio/oggettoDetail";"button/MonitoraggioForm#OggettoDetailButtonList/downloadFileOggettoObjDetail";"Download file di un oggetto"
"SACER_PREINGEST";"/monitoraggio/oggettoDetail";"button/MonitoraggioForm#OggettoDetailButtonList/downloadXMLOggetto";"XML oggetto"
"SACER_PREINGEST";"/monitoraggio/oggettoDetail";"button/MonitoraggioForm#OggettoDetailButtonList/filtraUnitaDocObj";"Filtra unità documentarie"
"SACER_PREINGEST";"/monitoraggio/oggettoDetail";"button/MonitoraggioForm#OggettoDetailButtonList/modificaTipoOggetto";"Modifica tipo oggetto"
"SACER_PREINGEST";"/monitoraggio/oggettoDetail";"button/MonitoraggioForm#OggettoDetailButtonList/oggettoDaTrasformareObjDetail";"Oggetto da trasformare"
"SACER_PREINGEST";"/monitoraggio/oggettoDetail";"button/MonitoraggioForm#OggettoDetailButtonList/recuperoChiusErrVers";"Setta come errore recuperabile"
"SACER_PREINGEST";"/monitoraggio/oggettoDetail";"button/MonitoraggioForm#OggettoDetailButtonList/recuperoErrTrasformazione";"Recupero errori di traformazione"
"SACER_PREINGEST";"/monitoraggio/oggettoDetail";"button/MonitoraggioForm#OggettoDetailButtonList/recuperoErrVersamentoPing";"Recupero errori di versamento a Ping"
"SACER_PREINGEST";"/monitoraggio/oggettoDetail";"button/MonitoraggioForm#OggettoDetailButtonList/settaChiusoErrVersamento";"Setta CHIUSO ERR VERS"
"SACER_PREINGEST";"/monitoraggio/oggettoDetail";"button/MonitoraggioForm#OggettoDetailButtonList/settaDaTrasformareDetail";"Setta da trasformare"
"SACER_PREINGEST";"/monitoraggio/oggettoDetail";"button/MonitoraggioForm#OggettoDetailButtonList/settaErroreTrasformazioneDetail";"Setta ERRORE TRASFORMAZIONE"
"SACER_PREINGEST";"/monitoraggio/oggettoDetail";"button/MonitoraggioForm#OggettoDetailButtonList/verificaAnnullamento";"Verifica annullamento terminato"
"SACER_PREINGEST";"/monitoraggio/oggettoDetail";"detail/MonitoraggioForm#OggettoDetail/loadDettaglioOggettoTrasf";"Dettaglio oggetto generato da trasformazione"
"SACER_PREINGEST";"/monitoraggio/oggettoDetail";"detail/MonitoraggioForm#OggettoDetailOggettiTrasfList/showOggettoVersatoAPing";"Dettaglio oggetto versato a Ping"
"SACER_PREINGEST";"/monitoraggio/oggettoDetail";"detail/MonitoraggioForm#OggettoDetailOggettiTrasfList/view";"Dettaglio oggetto generato da trasformazione"
"SACER_PREINGEST";"/monitoraggio/oggettoDetail";"detail/MonitoraggioForm#OggettoDetailSessioniList/scaricaReport";"Scarica report"
"SACER_PREINGEST";"/monitoraggio/oggettoDetail";"detail/MonitoraggioForm#OggettoDetailSessioniList/view";"Lista sessioni oggetto"
"SACER_PREINGEST";"/monitoraggio/oggettoDetail";"detail/MonitoraggioForm#OggettoDetailUnitaDocList/view";"Dettaglio unita' doc"
"SACER_PREINGEST";"/monitoraggio/oggettoDetail";"toolbar/edit";"Modifica oggetto"
"SACER_PREINGEST";"/monitoraggio/oggettoDetail";"toolbar/insert";"Salva oggetto"
"SACER_PREINGEST";"/monitoraggio/oggettoGeneratoDaTrasformazioneDetail";"button/MonitoraggioForm#OggettoGeneratoTrasfDetail/downloadFileOggettoObjGenTrasf";"Download file di un oggetto"
"SACER_PREINGEST";"/monitoraggio/oggettoGeneratoDaTrasformazioneDetail";"button/MonitoraggioForm#OggettoGeneratoTrasfDetail/oggettoDaTrasformareObjGenTrasf";"Oggetto da trasformare"
"SACER_PREINGEST";"/monitoraggio/oggettoGeneratoDaTrasformazioneDetail";"button/MonitoraggioForm#OggettoGeneratoTrasfDetail/oggettoVersatoPingObjGenTrasf";"Dettaglio oggetto versato a Ping"
"SACER_PREINGEST";"/monitoraggio/replicaOrgList";"button/MonitoraggioForm#FiltriReplicaOrg/pulisciRepliche";"Pulisci filtri"
"SACER_PREINGEST";"/monitoraggio/replicaOrgList";"button/MonitoraggioForm#FiltriReplicaOrg/ricercaRepliche";"Ricerca repliche organizzazioni"
"SACER_PREINGEST";"/monitoraggio/riepilogoVersamentiDetail";"button/MonitoraggioForm#FiltriRiepilogoVersamenti/generaRiepilogoVersamenti";"Genera riepilogo versamenti"
"SACER_PREINGEST";"/monitoraggio/riepilogoVersatoriList";"detail/MonitoraggioForm#RiepilogoVersatoriList/view";"Riepilogo versamenti"
"SACER_PREINGEST";"/monitoraggio/schedulazioniJobList";"button/MonitoraggioForm#FiltriJobSchedulati/gestioneJobPage";"Vai a pagina Gestione Job"
"SACER_PREINGEST";"/monitoraggio/schedulazioniJobList";"button/MonitoraggioForm#FiltriJobSchedulati/pulisciJobSchedulati";"Pulisci filtri di ricerca schedulazioni job"
"SACER_PREINGEST";"/monitoraggio/schedulazioniJobList";"button/MonitoraggioForm#FiltriJobSchedulati/ricercaJobSchedulati";"Ricerca schedulazioni job"
"SACER_PREINGEST";"/monitoraggio/schedulazioniJobList";"button/MonitoraggioForm#InformazioniJob/esecuzioneSingolaJobSchedulati";"Esecuzione singola da job schedulati"
"SACER_PREINGEST";"/monitoraggio/schedulazioniJobList";"button/MonitoraggioForm#InformazioniJob/startJobSchedulati";"Start da job schedulati"
"SACER_PREINGEST";"/monitoraggio/schedulazioniJobList";"button/MonitoraggioForm#InformazioniJob/stopJobSchedulati";"Stop da job schedulati"
"SACER_PREINGEST";"/monitoraggio/sessioneErrataDetail";"toolbar/edit";"Modifica sessione errata"
"SACER_PREINGEST";"/monitoraggio/sessioniErrateList";"button/MonitoraggioForm#FiltriSessione/cercaSessioniErrate";"Ricerca sessioni errate"
"SACER_PREINGEST";"/monitoraggio/sessioniErrateList";"button/MonitoraggioForm#salvaVerificaButtonList/impostaVerificato";"Imposta versamenti falliti verificati"
"SACER_PREINGEST";"/monitoraggio/sessioniErrateList";"detail/MonitoraggioForm#SessioniErrateList/edit";"Modifica ricerca sessioni errate"
"SACER_PREINGEST";"/monitoraggio/sessioniErrateList";"detail/MonitoraggioForm#SessioniErrateList/view";"Dettaglio sessione errata"
"SACER_PREINGEST";"/monitoraggio/unitaDocDetail";"button/MonitoraggioForm#UnitaDocDetail/downloadXMLUnitaDocObject";"Download XML unità doc"
"SACER_PREINGEST";"/monitoraggio/unitaDocDetail";"button/MonitoraggioForm#UnitaDocDetail/editUnitaDocumentaria";"Modifica Indice SIP"
"SACER_PREINGEST";"/monitoraggio/unitaDocDetail";"button/MonitoraggioForm#UnitaDocDetail/saveUnitaDocumentaria";"Salva Indice SIP"
"SACER_PREINGEST";"/monitoraggio/unitaDocDetail";"button/MonitoraggioForm#UnitaDocDetail/undoUnitaDocumentaria";"Annulla modifica Indice SIP"
"SACER_PREINGEST";"/monitoraggio/unitaDocVersamentoDetail";"button/MonitoraggioForm#UnitaDocVersamentoDetail/downloadXMLUnitaDocVers";"Download XML unità doc"
"SACER_PREINGEST";"/monitoraggio/versamentiList";"button/MonitoraggioForm#versamentiButtonList/impostaTuttiNonRisolubile";"Imposta TUTTI i versamenti come non resolubili"
"SACER_PREINGEST";"/monitoraggio/versamentiList";"button/MonitoraggioForm#versamentiButtonList/impostaTuttiVerificato";"Imposta TUTTI i versamenti come verificati"
"SACER_PREINGEST";"/monitoraggio/versamentiList";"button/MonitoraggioForm#versamentiButtonList/impostaVerificatoNonRisolubile";"Imposta versamenti falliti verificati / non risolubili"
"SACER_PREINGEST";"/monitoraggio/versamentiList";"button/MonitoraggioForm#versamentiButtonList/ricercaVersamentiFalliti";"Ricerca versamenti falliti"
"SACER_PREINGEST";"/monitoraggio/versamentiList";"detail/MonitoraggioForm#VersamentiList/view";"Dettaglio versamento"
"SACER_PREINGEST";"/monitoraggio/versamentoDetail";"button/MonitoraggioForm#VersamentoDetail/dettaglioOggetto";"Dettaglio oggetto"
"SACER_PREINGEST";"/monitoraggio/versamentoDetail";"button/MonitoraggioForm#VersamentoDetail/downloadXMLVersamento";"Download XML versamento"
"SACER_PREINGEST";"/monitoraggio/versamentoDetail";"button/MonitoraggioForm#versamentiButtonList/filtraUnitaDocVers";"Filtra unità documentarie"
"SACER_PREINGEST";"/monitoraggio/versamentoDetail";"detail/MonitoraggioForm#UnitaDocDaVersamentiFallitiList/view";"Dettaglio unità documentaria versamento"
"SACER_PREINGEST";"/monitoraggio/versamentoDetail";"toolbar/edit";"Modifica versamento"
"SACER_PREINGEST";"/monitoraggio/versamentoDetail";"toolbar/insert";"Salva versamento"
"SACER_PREINGEST";"/sisma/dettaglioSisma";"button/SismaForm#DettaglioButtonList/recuperaErrori";"Recupera errori"
"SACER_PREINGEST";"/sisma/dettaglioSisma";"button/SismaForm#DettaglioButtonList/riportaInBozza";"Riporta sisma in stato Bozza"
"SACER_PREINGEST";"/sisma/dettaglioSisma";"button/SismaForm#DettaglioButtonList/riportaInStatoVersato";"Riporta sisma in stato Versato"
"SACER_PREINGEST";"/sisma/dettaglioSisma";"button/SismaForm#DettaglioButtonList/versaInAgenzia";"Versa in agenzia"
"SACER_PREINGEST";"/sisma/dettaglioSisma";"button/SismaForm#DettaglioButtonList/versaSisma";"Versamento sisma"
"SACER_PREINGEST";"/sisma/dettaglioSisma";"button/SismaForm#RecuperoErrori/annullaRecuperoErrore";"Annulla recupera errori"
"SACER_PREINGEST";"/sisma/dettaglioSisma";"button/SismaForm#RecuperoErrori/confermaRecuperoErrore";"Conferma recupera errori"
"SACER_PREINGEST";"/sisma/dettaglioSisma";"detail/SismaForm#DocumentiCaricatiList/downloadVerificaReport";"Download report di verifica"
"SACER_PREINGEST";"/sisma/dettaglioSisma";"toolbar/edit";"Modifica sisma"
"SACER_PREINGEST";"/sisma/dettaglioSisma";"toolbar/update";"Salva sisma"
"SACER_PREINGEST";"/sisma/sisma";"button/SismaForm#FiltriSisma/pulisciRicercaSisma";"Pulizia ricerca sisma"
"SACER_PREINGEST";"/sisma/sisma";"button/SismaForm#FiltriSisma/ricercaSisma";"Ricerca sisma"
"SACER_PREINGEST";"/sisma/sisma";"button/SismaForm#SismaButtonList/caricaSisma";"Inserisci sisma"
"SACER_PREINGEST";"/sisma/sisma";"detail/SismaForm#SismaList/delete";"Elimina sisma"
"SACER_PREINGEST";"/sisma/sisma";"detail/SismaForm#SismaList/downloadSismaListOperation";"Scarica lista di versamento"
"SACER_PREINGEST";"/sisma/sisma";"detail/SismaForm#SismaList/downloadSismaRapportoAgenzia";"Scarica rapporto agenzia"
"SACER_PREINGEST";"/sisma/sisma";"detail/SismaForm#SismaList/downloadSismaRapportoVersamento";"Scarica rapporto di versamento"
"SACER_PREINGEST";"/sisma/sisma";"detail/SismaForm#SismaList/edit";"Modifica sisma"
"SACER_PREINGEST";"/sisma/sisma";"detail/SismaForm#SismaList/view";"Dettaglio sisma"
"SACER_PREINGEST";"/sisma/sismaWizard";"button/SismaForm#DatiGeneraliInput/salvaBozza";"Salva bozza"
"SACER_PREINGEST";"/sisma/sismaWizard";"button/SismaForm#RiepilogoButtonList/verificaAgenzia";"Verifica agenzia"
"SACER_PREINGEST";"/sisma/sismaWizard";"button/SismaForm#RiepilogoButtonList/verificaDocumentiSisma";"Verifica documenti"
"SACER_PREINGEST";"/sisma/sismaWizard";"button/SismaForm#RiepilogoButtonList/versaSisma";"Versamento sisma"
"SACER_PREINGEST";"/sisma/sismaWizard";"detail/SismaForm#DocumentiCaricatiList/downloadVerificaReport";"Download report di verifica"
"SACER_PREINGEST";"/strumentiUrbanistici/dettaglioStrumentiUrbanistici";"button/StrumentiUrbanisticiForm#DettaglioButtonList/recuperaErrori";"Recupera errori"
"SACER_PREINGEST";"/strumentiUrbanistici/dettaglioStrumentiUrbanistici";"button/StrumentiUrbanisticiForm#DettaglioButtonList/riportaInBozza";"Riporta strumento urbanistico in stato Bozza"
"SACER_PREINGEST";"/strumentiUrbanistici/dettaglioStrumentiUrbanistici";"button/StrumentiUrbanisticiForm#RecuperoErrori/annullaRecuperoErrore";"Annulla recupera errori"
"SACER_PREINGEST";"/strumentiUrbanistici/dettaglioStrumentiUrbanistici";"button/StrumentiUrbanisticiForm#RecuperoErrori/confermaRecuperoErrore";"Conferma recupera errori"
"SACER_PREINGEST";"/strumentiUrbanistici/dettaglioStrumentiUrbanistici";"button/StrumentiUrbanisticiForm#RiepilogoButtonList/versaSU";"Versamento SU"
"SACER_PREINGEST";"/strumentiUrbanistici/dettaglioStrumentiUrbanistici";"detail/StrumentiUrbanisticiForm#DocumentiCaricatiList/downloadVerificaReport";"Download report di verifica"
"SACER_PREINGEST";"/strumentiUrbanistici/dettaglioStrumentiUrbanistici";"toolbar/edit";"Modifica strumento urbanistico"
"SACER_PREINGEST";"/strumentiUrbanistici/strumentiUrbanistici";"button/StrumentiUrbanisticiForm#FiltriStrumentiUrbanistici/pulisciRicercaStrumentiUrbanistici";"Pulisci ricerca strumento urbanistico"
"SACER_PREINGEST";"/strumentiUrbanistici/strumentiUrbanistici";"button/StrumentiUrbanisticiForm#FiltriStrumentiUrbanistici/ricercaStrumentiUrbanistici";"Ricerca strumento urbanistico"
"SACER_PREINGEST";"/strumentiUrbanistici/strumentiUrbanistici";"button/StrumentiUrbanisticiForm#StrumentiUrbanisticiButtonList/caricaStrumentoUrbanistico";"Inserisci strumento urbanistico"
"SACER_PREINGEST";"/strumentiUrbanistici/strumentiUrbanistici";"detail/StrumentiUrbanisticiForm#StrumentiUrbanisticiList/delete";"Elimina strumento urbanistico"
"SACER_PREINGEST";"/strumentiUrbanistici/strumentiUrbanistici";"detail/StrumentiUrbanisticiForm#StrumentiUrbanisticiList/downloadSUOperation";"Scarica rapporto di versamento"
"SACER_PREINGEST";"/strumentiUrbanistici/strumentiUrbanistici";"detail/StrumentiUrbanisticiForm#StrumentiUrbanisticiList/edit";"Modifica strumento urbanistico"
"SACER_PREINGEST";"/strumentiUrbanistici/strumentiUrbanistici";"detail/StrumentiUrbanisticiForm#StrumentiUrbanisticiList/view";"Dettaglio strumento urbanistico"
"SACER_PREINGEST";"/strumentiUrbanistici/strumentiUrbanisticiWizard";"button/StrumentiUrbanisticiForm#DatiGeneraliInput/salvaBozza";"Salva bozza"
"SACER_PREINGEST";"/strumentiUrbanistici/strumentiUrbanisticiWizard";"button/StrumentiUrbanisticiForm#RiepilogoButtonList/verificaDocumentiSU";"Verifica documenti"
"SACER_PREINGEST";"/strumentiUrbanistici/strumentiUrbanisticiWizard";"button/StrumentiUrbanisticiForm#RiepilogoButtonList/versaSU";"Versamento SU"
"SACER_PREINGEST";"/strumentiUrbanistici/strumentiUrbanisticiWizard";"detail/StrumentiUrbanisticiForm#DocumentiCaricatiList/downloadVerificaReport";"Download report di verifica"
"SACER_PREINGEST";"/versamentoOggetto/VersamentoDaArchivio";"button/VersamentoOggettoForm#VersamentoOggettoDetail/versaOggettoDaArchivio";"Versa da archivio a Ping"
"SACER_PREINGEST";"/versamentoOggetto/versamentoOggetto";"button/VersamentoOggettoForm#VersamentoOggettoDetail/nuovoVersamento";"Nuovo versamento"
"SACER_PREINGEST";"/versamentoOggetto/versamentoOggetto";"button/VersamentoOggettoForm#VersamentoOggettoDetail/versaOggetto";"Versa oggetto in Ping"
"SACER_PREINGEST";"/versamentoOggetto/versamentoOggettoDaTrasformare";"button/VersamentoOggettoForm#VersamentoOggettoDetail/nuovoVersamento";"Nuovo versamento"
"SACER_PREINGEST";"/versamentoOggetto/versamentoOggettoDaTrasformare";"button/VersamentoOggettoForm#VersamentoOggettoDetail/versaOggetto";"Versa oggetto da trasformare in Ping"
"SACER_PREINGEST";"/versamentoOggetto/versamentoUnitaDocumentarie";"button/VersamentoOggettoForm#VersamentoOggettoDetail/nuovoVersamento";"Nuovo versamento"
"SACER_PREINGEST";"/versamentoOggetto/versamentoUnitaDocumentarie";"button/VersamentoOggettoForm#VersamentoOggettoDetail/versaOggetto";"Versa unità documentaria in Ping"
"SACER_PREINGEST";"/versamentoOggetto/visualizzaStatoVersamenti";"button/VersamentoOggettoForm#FiltriVersamentiOggetto/ricercaVersamentiOggetto";"Ricerca versamenti oggetto"
"SACER_PREINGEST";"/versamentoOggetto/visualizzaStatoVersamenti";"detail/VersamentoOggettoForm#VersamentiOggettoList/view";"Dettaglio oggetto"
